id,first_name,last_name,email,gender,ip_address
1,Lanny,Webby,lwebby0@wp.com,Male,109.233.27.226
2,Dario,Well,dwell1@w3.org,Male,82.236.205.163
3,Ferd,Farans,ffarans2@uol.com.br,Male,41.34.27.20
4,Adrianne,Brockhouse,abrockhouse3@slate.com,Female,163.170.129.1
5,Silva,Gransden,sgransden4@soundcloud.com,Female,125.76.230.247
6,Ilene,Franckton,ifranckton5@ehow.com,Female,220.20.133.248
7,Woody,Wadeson,wwadeson6@slate.com,Male,78.138.192.243
8,Haskel,Petrasch,hpetrasch7@discovery.com,Male,182.204.227.63
9,Meriel,Bampforth,mbampforth8@drupal.org,Female,219.191.61.72
10,Clara,Lufkin,clufkin9@i2i.jp,Bigender,197.47.10.224
11,Davida,O'Towey,dotoweya@arizona.edu,Female,190.17.75.107
12,Jesselyn,Tutchener,jtutchenerb@dropbox.com,Female,185.245.0.64
13,Allie,McFetridge,amcfetridgec@elegantthemes.com,Male,73.0.25.28
14,Care,Glasspoole,cglasspooled@loc.gov,Male,39.129.63.48
15,Lyell,McAuliffe,lmcauliffee@ted.com,Male,209.6.115.182
16,Del,Balham,dbalhamf@bloglovin.com,Male,87.126.116.21
17,Kory,Kundt,kkundtg@list-manage.com,Male,4.102.196.22
18,Micaela,Marjoram,mmarjoramh@hud.gov,Female,89.227.243.7
19,Sioux,Skeggs,sskeggsi@amazonaws.com,Female,193.59.85.49
20,Brinna,Merrifield,bmerrifieldj@free.fr,Female,80.189.2.215
21,Flint,de Mullett,fdemullettk@mashable.com,Male,200.42.219.130
22,Willyt,Blevin,wblevinl@geocities.com,Female,10.143.50.168
23,Morgen,Sherebrook,msherebrookm@zdnet.com,Male,139.187.38.203
24,Dore,Reiling,dreilingn@mac.com,Female,153.161.70.22
25,Perry,Causer,pcausero@unblog.fr,Male,245.80.81.193
26,Delphinia,Hardistry,dhardistryp@mail.ru,Female,102.138.212.176
27,Rowland,Bittlestone,rbittlestoneq@marriott.com,Male,122.144.76.246
28,Jeddy,Grinter,jgrinterr@sciencedirect.com,Male,196.55.193.249
29,Torin,Paroni,tparonis@engadget.com,Male,124.218.187.217
30,Tiffy,Longfoot,tlongfoott@washingtonpost.com,Female,151.81.143.79
31,Delila,McCurley,dmccurleyu@soundcloud.com,Female,218.214.45.165
32,Townsend,Faireclough,tfairecloughv@oracle.com,Male,109.218.241.23
33,Margit,Govey,mgoveyw@pen.io,Female,141.138.219.239
34,Vaughn,Futter,vfutterx@so-net.ne.jp,Male,8.145.235.54
35,Franchot,Middlemass,fmiddlemassy@php.net,Male,128.222.167.17
36,Davina,Howles,dhowlesz@marketwatch.com,Female,31.17.235.40
37,Bryanty,Sherbourne,bsherbourne10@cnet.com,Male,83.74.152.178
38,Alexina,Janauschek,ajanauschek11@blogtalkradio.com,Female,191.128.212.26
39,Otha,Trusdale,otrusdale12@gnu.org,Female,166.26.239.145
40,Silvia,Atwell,satwell13@usgs.gov,Female,205.19.169.47
41,Wallache,Downton,wdownton14@wordpress.com,Male,94.189.152.187
42,Quinn,Eastcott,qeastcott15@youtube.com,Male,232.79.73.229
43,Abramo,Stempe,astempe16@sfgate.com,Male,114.40.232.255
44,Ari,Schulken,aschulken17@sina.com.cn,Bigender,144.102.102.192
45,Mireielle,Haldene,mhaldene18@cargocollective.com,Female,156.192.84.185
46,Sybil,Churchard,schurchard19@msu.edu,Female,119.247.82.110
47,Lannie,Jinda,ljinda1a@youtu.be,Male,93.119.112.3
48,Catharina,Surgen,csurgen1b@biglobe.ne.jp,Female,181.90.18.3
49,Darb,Walmsley,dwalmsley1c@google.co.jp,Female,41.74.81.34
50,Roze,Veneur,rveneur1d@imageshack.us,Female,242.58.140.246
51,Brandy,Pinchback,bpinchback1e@pinterest.com,Male,190.42.76.79
52,Brynn,Iffe,biffe1f@soup.io,Female,125.160.178.150
53,Maia,Fremantle,mfremantle1g@1und1.de,Female,186.71.93.223
54,Federico,Benoi,fbenoi1h@sourceforge.net,Male,223.64.163.193
55,Hanni,Wycherley,hwycherley1i@1und1.de,Female,19.1.200.19
56,Walther,Dumbar,wdumbar1j@tmall.com,Male,201.237.70.126
57,Alanson,Ansell,aansell1k@exblog.jp,Male,9.75.236.120
58,Tate,Cullity,tcullity1l@angelfire.com,Male,113.44.114.88
59,Sigvard,Godspede,sgodspede1m@fc2.com,Male,166.77.87.82
60,Herman,Lahive,hlahive1n@ustream.tv,Male,204.123.22.133
61,Spenser,Cheyenne,scheyenne1o@kickstarter.com,Male,24.60.204.92
62,Minni,Marlor,mmarlor1p@sogou.com,Polygender,33.177.250.7
63,Annabal,Sooley,asooley1q@dropbox.com,Female,34.127.83.255
64,Cortney,Petrovsky,cpetrovsky1r@answers.com,Female,153.227.156.170
65,Tera,Parkman,tparkman1s@fotki.com,Female,33.241.72.99
66,Cookie,Moth,cmoth1t@csmonitor.com,Female,67.179.81.109
67,Emmanuel,Edison,eedison1u@amazonaws.com,Male,56.123.78.62
68,Dottie,Boundley,dboundley1v@arizona.edu,Female,255.249.144.12
69,Asa,Jozef,ajozef1w@acquirethisname.com,Male,141.247.66.245
70,Margalo,Faichney,mfaichney1x@oaic.gov.au,Female,74.47.142.175
71,Amandy,Woollacott,awoollacott1y@ifeng.com,Female,76.64.179.159
72,Franz,Radclyffe,fradclyffe1z@weather.com,Male,25.54.171.164
73,Camella,Petracek,cpetracek20@boston.com,Female,239.77.252.80
74,Lemmie,Dumingo,ldumingo21@yellowpages.com,Agender,132.77.223.9
75,Sammy,Drowsfield,sdrowsfield22@technorati.com,Bigender,9.181.194.120
76,Dione,O' Hogan,dohogan23@si.edu,Female,248.143.194.21
77,West,Olding,wolding24@purevolume.com,Male,220.211.124.44
78,Pinchas,Birkhead,pbirkhead25@cdbaby.com,Male,4.26.204.187
79,Ellwood,Mohun,emohun26@ucsd.edu,Male,143.1.171.53
80,Farley,Rodrigo,frodrigo27@histats.com,Male,128.112.68.8
81,Jeanna,Shorthouse,jshorthouse28@facebook.com,Female,11.104.98.49
82,Albie,Olenov,aolenov29@hao123.com,Male,151.242.129.237
83,Karalee,Panswick,kpanswick2a@mlb.com,Genderqueer,20.19.98.142
84,Cami,Thormwell,cthormwell2b@weebly.com,Female,154.39.28.72
85,Suzanna,Rosborough,srosborough2c@oracle.com,Female,205.141.193.107
86,Cherise,Pask,cpask2d@fema.gov,Female,222.21.91.78
87,Marty,McGraffin,mmcgraffin2e@toplist.cz,Female,63.81.121.191
88,Blythe,Jancso,bjancso2f@weebly.com,Agender,14.251.102.50
89,Torr,Ridley,tridley2g@wikia.com,Male,112.91.105.153
90,Frasco,Benbough,fbenbough2h@ovh.net,Male,247.213.62.225
91,Saunders,Gorthy,sgorthy2i@booking.com,Male,251.181.30.204
92,Pennie,Westnedge,pwestnedge2j@sogou.com,Male,129.65.73.67
93,Sam,Beteriss,sbeteriss2k@surveymonkey.com,Male,200.80.169.162
94,Andreas,Heugle,aheugle2l@t-online.de,Male,12.239.83.223
95,Kerrie,Chamley,kchamley2m@dmoz.org,Female,57.101.41.220
96,Aloisia,Gosforth,agosforth2n@fc2.com,Female,75.79.172.184
97,Jory,Bevans,jbevans2o@psu.edu,Male,23.194.67.160
98,Michele,Inns,minns2p@github.io,Female,234.112.81.25
99,Ferris,Venny,fvenny2q@pbs.org,Male,141.144.237.101
100,Ketti,Sonschein,ksonschein2r@google.de,Female,68.35.34.49
101,Billie,Hearnah,bhearnah2s@yahoo.com,Male,62.52.41.240
102,Tilly,Cathrall,tcathrall2t@pagesperso-orange.fr,Female,47.167.96.212
103,Gareth,Addington,gaddington2u@cisco.com,Male,42.10.193.247
104,Philippine,Ovanesian,povanesian2v@friendfeed.com,Female,182.164.166.165
105,Daffi,Lidington,dlidington2w@businessinsider.com,Female,156.253.198.132
106,Lyndsey,Krauze,lkrauze2x@cmu.edu,Female,111.114.222.5
107,Kele,O'Kelly,kokelly2y@phpbb.com,Male,143.182.28.179
108,Doria,Urry,durry2z@blogs.com,Female,154.123.240.238
109,Leslie,Alessandretti,lalessandretti30@ed.gov,Male,113.206.165.85
110,Audrye,Bathowe,abathowe31@digg.com,Female,106.215.153.75
111,Hallsy,Gayden,hgayden32@marketwatch.com,Male,182.67.24.27
112,Israel,Hutt,ihutt33@ed.gov,Male,58.169.68.78
113,Rhetta,Pudding,rpudding34@opensource.org,Female,12.229.223.157
114,Tanner,Jellis,tjellis35@hexun.com,Male,6.158.237.58
115,Stillman,Scothorn,sscothorn36@php.net,Male,159.154.214.11
116,Juliane,Guile,jguile37@whitehouse.gov,Female,39.185.214.35
117,Phedra,McGenis,pmcgenis38@boston.com,Female,182.82.12.144
118,Maximilien,Vallow,mvallow39@acquirethisname.com,Male,88.36.240.159
119,Barry,Haliburn,bhaliburn3a@unc.edu,Male,121.194.96.234
120,Bill,Vinden,bvinden3b@cisco.com,Male,56.103.207.169
121,Winthrop,Provest,wprovest3c@edublogs.org,Male,143.192.241.82
122,Virgil,Bernardot,vbernardot3d@angelfire.com,Male,13.240.84.117
123,Netta,Benedit,nbenedit3e@dedecms.com,Female,244.55.88.181
124,Orson,Harty,oharty3f@examiner.com,Male,9.69.205.158
125,Rudolfo,Aingel,raingel3g@foxnews.com,Male,184.190.155.11
126,Rachel,Treend,rtreend3h@seesaa.net,Female,22.128.45.8
127,Jedd,Patesel,jpatesel3i@tripod.com,Male,138.220.138.31
128,Lettie,Dwyer,ldwyer3j@nbcnews.com,Female,86.163.243.180
129,Aarika,Braim,abraim3k@fema.gov,Female,59.37.15.214
130,Josias,Manderson,jmanderson3l@360.cn,Male,20.181.82.102
131,Avie,Jedrzejczyk,ajedrzejczyk3m@shutterfly.com,Female,38.157.176.55
132,Milt,Vango,mvango3n@goo.gl,Male,146.182.220.103
133,Astrid,Preble,apreble3o@com.com,Female,15.226.216.233
134,Carlotta,Deners,cdeners3p@networksolutions.com,Female,55.149.122.221
135,Peri,Halleday,phalleday3q@slideshare.net,Female,92.157.135.172
136,Klarika,Harwell,kharwell3r@home.pl,Female,229.174.150.101
137,Fransisco,Escalante,fescalante3s@mtv.com,Male,174.20.178.155
138,Delmar,Seleway,dseleway3t@cafepress.com,Male,147.238.244.248
139,Austin,Whenham,awhenham3u@geocities.com,Male,163.220.230.105
140,Ramsey,Climie,rclimie3v@alibaba.com,Male,62.124.23.102
141,Olin,Falkingham,ofalkingham3w@hubpages.com,Male,18.11.242.201
142,Doris,Caughtry,dcaughtry3x@ovh.net,Female,250.195.108.217
143,Ronda,Drayton,rdrayton3y@taobao.com,Female,187.71.28.36
144,Braden,Wontner,bwontner3z@lycos.com,Male,199.54.161.161
145,Filide,Keyme,fkeyme40@baidu.com,Female,96.241.14.18
146,Amalle,Emsden,aemsden41@narod.ru,Female,97.19.131.239
147,Chere,Mellsop,cmellsop42@skype.com,Female,42.212.248.28
148,Lois,Reape,lreape43@virginia.edu,Female,209.123.127.40
149,Charmain,Sirr,csirr44@woothemes.com,Female,42.204.141.223
150,Jocko,McNabb,jmcnabb45@delicious.com,Male,103.137.10.196
151,Blinni,McGrady,bmcgrady46@businessweek.com,Female,62.96.12.181
152,Winona,Baudinot,wbaudinot47@businesswire.com,Female,2.99.137.164
153,Nicolas,Froude,nfroude48@artisteer.com,Male,179.25.227.153
154,Jenn,Gowrie,jgowrie49@huffingtonpost.com,Female,176.222.29.201
155,Lanae,Jiggen,ljiggen4a@icq.com,Genderfluid,185.242.209.13
156,Erna,Swinerd,eswinerd4b@bigcartel.com,Female,9.19.8.112
157,Sebastien,Gehrts,sgehrts4c@google.ru,Male,41.177.90.142
158,Brana,Cann,bcann4d@e-recht24.de,Female,31.64.171.198
159,Clarance,Dewi,cdewi4e@cnbc.com,Male,7.230.83.195
160,Kameko,Lakin,klakin4f@ycombinator.com,Female,163.236.91.26
161,Lyda,Crocombe,lcrocombe4g@ustream.tv,Female,255.88.160.61
162,Leighton,Aspland,laspland4h@naver.com,Male,251.133.86.241
163,Benny,Nevet,bnevet4i@feedburner.com,Male,29.216.36.86
164,Trescha,Juanes,tjuanes4j@mapquest.com,Female,221.173.91.33
165,Reynolds,Chazerand,rchazerand4k@meetup.com,Male,194.199.192.157
166,Penny,Gradon,pgradon4l@ca.gov,Male,110.77.67.62
167,Clotilda,Deere,cdeere4m@usda.gov,Female,136.181.93.238
168,Hillery,Pendre,hpendre4n@marketwatch.com,Male,157.24.108.68
169,Rina,Treweke,rtreweke4o@earthlink.net,Genderfluid,246.163.252.53
170,Gusella,Firmager,gfirmager4p@unc.edu,Female,105.247.44.2
171,Lana,Mansell,lmansell4q@360.cn,Female,154.79.131.92
172,Theresa,Karran,tkarran4r@ed.gov,Female,189.37.59.50
173,Fiann,Francioli,ffrancioli4s@jiathis.com,Polygender,3.215.190.181
174,Audra,Griggs,agriggs4t@newyorker.com,Female,128.55.43.30
175,Yehudit,Savory,ysavory4u@spotify.com,Male,193.190.121.62
176,Stevana,Pargetter,spargetter4v@friendfeed.com,Female,147.253.127.135
177,Iorgos,Ambroix,iambroix4w@census.gov,Male,201.73.234.115
178,Norry,Thorrold,nthorrold4x@tinypic.com,Female,224.221.36.88
179,Vasili,Pizer,vpizer4y@scribd.com,Male,229.255.16.105
180,Bartholemy,Arntzen,barntzen4z@ucsd.edu,Male,105.244.75.193
181,Mayer,Lening,mlening50@youku.com,Male,121.83.162.92
182,Shamus,Nicolson,snicolson51@chronoengine.com,Male,199.167.49.200
183,Karlyn,Woodsford,kwoodsford52@thetimes.co.uk,Female,176.53.24.225
184,Rivalee,MacGrath,rmacgrath53@sbwire.com,Female,109.161.255.18
185,Theresita,Scryne,tscryne54@last.fm,Female,42.228.15.178
186,Lucais,Heake,lheake55@moonfruit.com,Male,229.17.46.11
187,Helene,McCarlie,hmccarlie56@nba.com,Female,198.103.67.7
188,Wald,Espy,wespy57@hatena.ne.jp,Male,181.49.252.33
189,Ameline,Bowra,abowra58@wordpress.org,Female,206.74.206.164
190,Ginger,Dabling,gdabling59@quantcast.com,Female,41.165.106.23
191,Roxi,Bonome,rbonome5a@mapy.cz,Female,48.147.23.9
192,Bernadine,Clemot,bclemot5b@stumbleupon.com,Female,22.164.60.204
193,Syd,Camble,scamble5c@quantcast.com,Male,250.216.220.190
194,Natasha,Rama,nrama5d@foxnews.com,Female,134.18.92.56
195,Alister,Leeburn,aleeburn5e@ebay.co.uk,Male,97.148.86.170
196,Lianna,Bosquet,lbosquet5f@infoseek.co.jp,Female,131.186.153.210
197,Blair,Emmatt,bemmatt5g@stumbleupon.com,Male,28.226.79.255
198,Harlene,Wentworth,hwentworth5h@shinystat.com,Female,133.225.56.215
199,Ware,Artinstall,wartinstall5i@deviantart.com,Male,27.56.212.245
200,Shepperd,Catchpole,scatchpole5j@odnoklassniki.ru,Male,188.139.53.163
201,Dorie,Ibberson,dibberson5k@tiny.cc,Female,226.97.209.210
202,Leslie,Breewood,lbreewood5l@slashdot.org,Female,17.253.31.129
203,Karlee,Commander,kcommander5m@spotify.com,Female,226.37.177.126
204,Gallagher,Strowther,gstrowther5n@diigo.com,Male,68.192.98.216
205,Guthrie,Mc Harg,gmcharg5o@mashable.com,Male,228.196.8.102
206,Burlie,Balas,bbalas5p@addthis.com,Male,188.201.123.94
207,Dorella,Bothen,dbothen5q@weibo.com,Female,160.237.82.116
208,Rodd,Rodgerson,rrodgerson5r@blogtalkradio.com,Male,69.82.177.44
209,Barton,Antognelli,bantognelli5s@furl.net,Male,243.120.123.164
210,Sonya,Monnoyer,smonnoyer5t@mlb.com,Female,51.205.161.185
211,Gerry,Kalinowsky,gkalinowsky5u@is.gd,Male,146.108.176.146
212,Zane,Simnell,zsimnell5v@squarespace.com,Male,193.163.149.73
213,Kathleen,Godbert,kgodbert5w@storify.com,Female,166.155.110.250
214,Ivonne,Kordt,ikordt5x@ebay.com,Female,130.23.30.179
215,Nerte,Kleynermans,nkleynermans5y@behance.net,Genderqueer,213.63.222.200
216,Buddy,Woodroff,bwoodroff5z@pcworld.com,Male,99.93.58.108
217,Cris,Anfossi,canfossi60@yahoo.co.jp,Male,137.24.178.155
218,Shanda,Kadd,skadd61@altervista.org,Female,163.155.185.8
219,Cooper,Emmitt,cemmitt62@cam.ac.uk,Male,135.64.219.174
220,Kimberley,Drewery,kdrewery63@accuweather.com,Agender,78.72.64.61
221,Lennie,Ondricek,londricek64@marriott.com,Male,115.71.87.232
222,Fanchette,Menguy,fmenguy65@wunderground.com,Female,13.217.156.254
223,Winfield,Beadnall,wbeadnall66@prlog.org,Male,236.27.131.20
224,Addie,Shernock,ashernock67@w3.org,Female,67.93.162.175
225,Aleksandr,Cano,acano68@nih.gov,Male,169.151.251.40
226,Burnaby,Hinkensen,bhinkensen69@cbsnews.com,Male,14.129.143.7
227,Paulie,Greatham,pgreatham6a@cdc.gov,Male,77.239.169.154
228,Garrot,Wickersham,gwickersham6b@indiatimes.com,Male,126.61.100.4
229,Candis,Niche,cniche6c@ucsd.edu,Female,134.123.178.188
230,Stella,Garard,sgarard6d@businesswire.com,Female,192.146.90.162
231,Ariadne,Oguz,aoguz6e@salon.com,Female,138.178.253.47
232,Delilah,Pottes,dpottes6f@ifeng.com,Female,150.238.203.194
233,Alli,Pedrielli,apedrielli6g@icio.us,Female,116.190.99.2
234,Maryann,Ketch,mketch6h@wordpress.org,Female,204.229.106.184
235,Abbe,Comi,acomi6i@yellowbook.com,Male,80.149.204.37
236,Miller,Crigin,mcrigin6j@guardian.co.uk,Male,100.183.4.27
237,Fabe,Lankford,flankford6k@thetimes.co.uk,Male,56.152.79.156
238,Sanson,Blant,sblant6l@dailymotion.com,Male,61.11.79.172
239,Sascha,Willey,swilley6m@home.pl,Female,217.82.224.140
240,Burg,Kaveney,bkaveney6n@cloudflare.com,Male,133.177.233.170
241,Pattie,Conman,pconman6o@buzzfeed.com,Male,215.75.219.172
242,Deni,Foulser,dfoulser6p@shinystat.com,Female,155.59.216.171
243,Berton,Dregan,bdregan6q@t.co,Male,23.56.144.31
244,Antone,Kermitt,akermitt6r@forbes.com,Male,235.129.254.240
245,Adi,Brandenberg,abrandenberg6s@mozilla.com,Female,187.124.214.121
246,Sada,Balassi,sbalassi6t@woothemes.com,Female,37.180.7.173
247,Tish,Fallen,tfallen6u@twitter.com,Female,67.21.243.31
248,Fawne,Tilbrook,ftilbrook6v@free.fr,Agender,16.179.47.173
249,Pat,Beecraft,pbeecraft6w@moonfruit.com,Male,187.135.48.155
250,Denys,MacVanamy,dmacvanamy6x@amazon.com,Male,1.152.251.147
251,Stavro,Knibley,sknibley6y@booking.com,Male,108.138.230.171
252,Tabbi,Doding,tdoding6z@wiley.com,Female,14.132.15.171
253,Flossi,Gebhardt,fgebhardt70@clickbank.net,Agender,201.41.9.71
254,Lonee,Paniman,lpaniman71@gravatar.com,Female,182.139.106.214
255,Fons,Helm,fhelm72@moonfruit.com,Male,27.244.238.230
256,Bern,Guiton,bguiton73@wsj.com,Male,176.68.198.133
257,Viviana,L'oiseau,vloiseau74@e-recht24.de,Female,22.196.58.96
258,Cale,Freke,cfreke75@reuters.com,Polygender,242.156.30.198
259,Izak,Zavattieri,izavattieri76@twitpic.com,Male,233.116.142.246
260,Lindsay,Strewthers,lstrewthers77@webeden.co.uk,Male,35.226.115.188
261,Gary,Banck,gbanck78@mashable.com,Male,214.79.200.70
262,Virgie,Lambersen,vlambersen79@china.com.cn,Male,93.73.233.160
263,Bogart,Shard,bshard7a@dailymail.co.uk,Male,158.238.38.114
264,Richmound,Peile,rpeile7b@earthlink.net,Male,235.104.218.212
265,Germain,Dupree,gdupree7c@yellowbook.com,Female,9.88.176.206
266,Deina,Jozef,djozef7d@shinystat.com,Female,155.244.48.39
267,Kinnie,Canlin,kcanlin7e@unblog.fr,Male,162.208.100.64
268,Clint,Giacomi,cgiacomi7f@washington.edu,Male,32.74.76.212
269,Sandy,Milan,smilan7g@jiathis.com,Female,29.167.223.184
270,Garrek,Wellbelove,gwellbelove7h@vinaora.com,Male,163.220.214.149
271,Teri,Tulloch,ttulloch7i@lulu.com,Female,243.12.146.105
272,Leeanne,McAline,lmcaline7j@indiegogo.com,Female,209.88.210.147
273,Leandra,Filyukov,lfilyukov7k@buzzfeed.com,Female,59.153.243.212
274,Melinde,Basile,mbasile7l@google.nl,Female,156.43.185.33
275,Merrel,Schiersch,mschiersch7m@twitter.com,Bigender,195.239.97.129
276,Jodie,Rohlf,jrohlf7n@si.edu,Male,201.75.60.108
277,Joella,Flatman,jflatman7o@umich.edu,Female,250.215.65.136
278,Hedvige,Tretwell,htretwell7p@is.gd,Female,151.156.73.183
279,Pierson,Hampshire,phampshire7q@sourceforge.net,Genderqueer,218.223.212.64
280,Oralee,Benes,obenes7r@theatlantic.com,Female,135.17.244.61
281,See,Labarre,slabarre7s@yahoo.com,Male,81.16.125.160
282,Wilek,Truesdale,wtruesdale7t@newsvine.com,Male,206.195.211.177
283,Leandra,Nance,lnance7u@stumbleupon.com,Female,251.221.144.91
284,Robin,Rainsdon,rrainsdon7v@earthlink.net,Male,151.31.136.206
285,Flss,Campsall,fcampsall7w@taobao.com,Female,64.169.82.2
286,Jermain,Muston,jmuston7x@elpais.com,Male,247.239.215.2
287,Coraline,Bellworthy,cbellworthy7y@hao123.com,Female,199.168.205.73
288,Martguerita,Poles,mpoles7z@umn.edu,Female,116.158.16.80
289,Mag,Lefley,mlefley80@xrea.com,Female,247.163.142.156
290,Deanne,Hain,dhain81@ed.gov,Female,156.218.41.170
291,Olivette,McPharlain,omcpharlain82@odnoklassniki.ru,Female,147.176.98.20
292,Deni,Bridie,dbridie83@nbcnews.com,Female,89.29.31.25
293,Joycelin,Denyakin,jdenyakin84@canalblog.com,Bigender,148.184.86.35
294,Morgen,Hyne,mhyne85@illinois.edu,Female,155.96.137.197
295,Ibrahim,Postgate,ipostgate86@walmart.com,Male,91.149.44.222
296,Rustie,Olliver,rolliver87@ted.com,Male,18.129.23.7
297,Tallou,Beville,tbeville88@cbslocal.com,Female,200.8.136.146
298,Bibbye,Duplan,bduplan89@hao123.com,Female,129.160.11.46
299,Kissiah,Terese,kterese8a@instagram.com,Female,52.34.73.128
300,Rodolph,Sillett,rsillett8b@cam.ac.uk,Male,203.91.16.8
301,Ruby,McCool,rmccool8c@infoseek.co.jp,Female,205.159.118.38
302,Alano,Kilcullen,akilcullen8d@wikia.com,Genderqueer,67.9.251.15
303,Karia,Elloit,kelloit8e@irs.gov,Female,48.127.240.237
304,Drusy,Sturges,dsturges8f@spiegel.de,Female,47.28.143.102
305,Jarrid,Izkovici,jizkovici8g@technorati.com,Polygender,19.54.2.218
306,Neill,Damerell,ndamerell8h@360.cn,Male,137.110.119.8
307,Lynett,Brownjohn,lbrownjohn8i@elegantthemes.com,Female,253.0.73.202
308,Caddric,Folger,cfolger8j@a8.net,Male,117.0.231.29
309,Gannie,Finan,gfinan8k@goo.ne.jp,Male,164.207.89.16
310,Dianna,Hastwell,dhastwell8l@icq.com,Female,187.226.55.130
311,Jeniece,Brakewell,jbrakewell8m@stumbleupon.com,Female,242.143.69.181
312,Rollo,Hawkwood,rhawkwood8n@biblegateway.com,Male,115.28.9.13
313,Web,Mudd,wmudd8o@goo.ne.jp,Male,25.123.231.2
314,Lem,Fidgin,lfidgin8p@scribd.com,Male,137.238.76.111
315,Susanna,Borzone,sborzone8q@theguardian.com,Female,101.109.249.199
316,Frants,Siemandl,fsiemandl8r@ameblo.jp,Male,15.160.7.178
317,Judy,Craney,jcraney8s@go.com,Female,178.96.102.223
318,Julee,Arpino,jarpino8t@uol.com.br,Female,113.19.114.223
319,Monique,Harlin,mharlin8u@deliciousdays.com,Female,81.32.176.141
320,Emelyne,Balding,ebalding8v@boston.com,Female,89.56.77.124
321,Jeni,Donohue,jdonohue8w@bloomberg.com,Female,93.99.218.144
322,Lee,Mahood,lmahood8x@lulu.com,Male,215.215.180.95
323,Scotti,Jeskins,sjeskins8y@t.co,Male,34.158.247.20
324,Wallis,Axelby,waxelby8z@tinypic.com,Male,38.184.130.86
325,Cyrille,Santry,csantry90@loc.gov,Male,255.183.113.250
326,Darin,Watkiss,dwatkiss91@reference.com,Male,111.93.131.42
327,Sheelagh,Wittleton,swittleton92@github.io,Female,114.158.228.121
328,Beulah,Awmack,bawmack93@homestead.com,Female,32.55.150.172
329,Roxy,Bollon,rbollon94@twitpic.com,Female,76.101.254.2
330,Giustina,Letchford,gletchford95@webmd.com,Female,99.147.158.50
331,Arabelle,Bewshire,abewshire96@bandcamp.com,Female,203.158.103.98
332,Frederico,Whylie,fwhylie97@dmoz.org,Male,153.33.128.46
333,Remington,Faussett,rfaussett98@ycombinator.com,Bigender,34.37.51.220
334,Del,Thayre,dthayre99@webnode.com,Male,33.203.252.70
335,Homer,Gherardi,hgherardi9a@wunderground.com,Male,107.208.83.224
336,Ravi,Axon,raxon9b@home.pl,Male,57.215.57.90
337,Wallas,Barrett,wbarrett9c@cornell.edu,Male,37.202.20.211
338,Ax,MacHostie,amachostie9d@nhs.uk,Male,122.220.57.251
339,Brendis,Iannitti,biannitti9e@home.pl,Male,70.219.19.144
340,Tymon,Ramlot,tramlot9f@narod.ru,Male,254.130.173.221
341,Gwynne,Astie,gastie9g@ucla.edu,Female,49.221.124.186
342,Daria,Mapples,dmapples9h@woothemes.com,Female,198.86.216.149
343,Elaine,Cordier,ecordier9i@canalblog.com,Female,34.240.147.1
344,Harriet,Rankin,hrankin9j@vk.com,Genderqueer,83.16.208.24
345,Tedman,Guyers,tguyers9k@livejournal.com,Male,54.194.156.188
346,Joe,Piddlehinton,jpiddlehinton9l@disqus.com,Non-binary,168.99.221.11
347,Sigrid,Rylstone,srylstone9m@dmoz.org,Agender,250.73.109.143
348,Orran,Kelling,okelling9n@shinystat.com,Male,17.18.234.249
349,Cecil,Rubi,crubi9o@webnode.com,Male,81.126.57.215
350,Delmore,Brok,dbrok9p@theguardian.com,Male,229.23.39.162
351,Tani,Bonavia,tbonavia9q@wordpress.org,Female,38.218.232.244
352,Janeta,Brien,jbrien9r@scribd.com,Female,241.185.59.118
353,Franz,Volleth,fvolleth9s@ow.ly,Male,118.85.113.253
354,Cull,Ellse,cellse9t@yolasite.com,Male,161.90.254.114
355,Herschel,Nussii,hnussii9u@telegraph.co.uk,Non-binary,42.155.211.158
356,Priscilla,Messitt,pmessitt9v@geocities.com,Female,200.228.249.173
357,Malvin,Stinton,mstinton9w@epa.gov,Polygender,96.132.116.177
358,Mahmoud,Kirdsch,mkirdsch9x@phpbb.com,Male,144.238.24.45
359,Saree,Stieger,sstieger9y@pen.io,Female,94.46.133.185
360,Winthrop,Holsey,wholsey9z@howstuffworks.com,Male,110.181.97.83
361,Kurt,Chatenet,kchateneta0@a8.net,Male,52.120.197.62
362,Brucie,Raulin,braulina1@booking.com,Male,8.228.101.251
363,Belvia,Cellone,bcellonea2@ehow.com,Female,54.17.191.18
364,Leanna,Strachan,lstrachana3@smugmug.com,Female,22.229.176.147
365,Fina,Raoux,fraouxa4@t.co,Female,16.167.100.69
366,Shelley,Hamill,shamilla5@squarespace.com,Male,131.173.169.241
367,Cairistiona,Gurrado,cgurradoa6@howstuffworks.com,Female,115.97.26.20
368,Bernie,Lago,blagoa7@hp.com,Female,42.30.235.219
369,Arlin,Stanley,astanleya8@oakley.com,Bigender,231.198.135.183
370,Aundrea,Wegman,awegmana9@buzzfeed.com,Female,80.39.119.66
371,Aloysia,McKerley,amckerleyaa@narod.ru,Female,220.136.181.246
372,Romola,Coope,rcoopeab@jimdo.com,Non-binary,88.119.201.14
373,Cyrillus,Perceval,cpercevalac@nasa.gov,Male,183.207.55.204
374,Nevsa,Gloves,nglovesad@facebook.com,Female,94.178.210.142
375,Brittan,Lamputt,blamputtae@vkontakte.ru,Female,170.204.116.189
376,Corney,Darte,cdarteaf@aol.com,Male,119.159.67.160
377,Nikolas,Beverstock,nbeverstockag@omniture.com,Male,107.101.133.166
378,Nikolaus,Walas,nwalasah@reverbnation.com,Male,214.139.39.24
379,Ingamar,Davis,idavisai@wiley.com,Male,21.49.154.166
380,Elfreda,Bebbell,ebebbellaj@google.pl,Polygender,153.157.7.193
381,Babbie,Gumery,bgumeryak@epa.gov,Female,253.26.56.99
382,Anya,Stolberg,astolbergal@macromedia.com,Genderqueer,220.229.172.89
383,Jessalyn,Ebbin,jebbinam@bloomberg.com,Female,214.76.227.19
384,Tiena,Burlingham,tburlinghaman@jugem.jp,Female,11.192.94.230
385,Marion,Domone,mdomoneao@sitemeter.com,Male,64.75.46.39
386,Hamel,Polack,hpolackap@wp.com,Male,38.42.13.78
387,Kitti,McCritichie,kmccritichieaq@skype.com,Female,245.25.73.36
388,Tessy,O'Shevlan,toshevlanar@epa.gov,Female,139.229.36.156
389,Roderic,Mustoo,rmustooas@nsw.gov.au,Male,209.220.255.161
390,Samson,Swatten,sswattenat@mozilla.com,Male,160.158.102.148
391,Maureene,Diche,mdicheau@prlog.org,Female,76.63.248.217
392,Regina,de Quincey,rdequinceyav@mediafire.com,Polygender,195.168.224.33
393,Milka,Carnegy,mcarnegyaw@elpais.com,Female,97.174.116.3
394,Madge,Robarts,mrobartsax@sina.com.cn,Female,155.79.125.200
395,Christophe,Olander,colanderay@latimes.com,Male,227.133.248.145
396,Glennis,Haworth,ghaworthaz@dmoz.org,Female,212.245.234.173
397,Anstice,Ropking,aropkingb0@paypal.com,Female,231.68.72.173
398,Jean,Brookhouse,jbrookhouseb1@baidu.com,Male,80.246.19.13
399,Dita,Giblett,dgiblettb2@ameblo.jp,Female,187.248.26.160
400,Seward,Leirmonth,sleirmonthb3@shareasale.com,Male,203.156.219.251
401,Frederik,Broadberry,fbroadberryb4@wisc.edu,Male,77.187.22.200
402,Betsy,Millwater,bmillwaterb5@topsy.com,Female,195.201.77.34
403,Erie,Fewster,efewsterb6@cocolog-nifty.com,Male,232.131.43.140
404,Chaunce,Pembry,cpembryb7@cnet.com,Agender,65.102.229.58
405,Marabel,Gajewski,mgajewskib8@google.co.jp,Female,50.86.219.167
406,Lesly,Hubbis,lhubbisb9@wiley.com,Female,17.205.104.146
407,Maisey,McCrorie,mmccrorieba@jimdo.com,Female,97.109.26.39
408,Bonnibelle,Fishbourne,bfishbournebb@wiley.com,Female,47.138.59.244
409,Kylynn,Keating,kkeatingbc@imgur.com,Female,94.148.120.79
410,Palmer,Kolak,pkolakbd@latimes.com,Male,60.62.183.215
411,Dorrie,Coombes,dcoombesbe@odnoklassniki.ru,Female,222.253.156.4
412,Ragnar,Cosens,rcosensbf@merriam-webster.com,Male,193.17.150.132
413,Emma,Shane,eshanebg@g.co,Female,252.2.120.203
414,Carter,Zanini,czaninibh@admin.ch,Male,211.102.147.245
415,Tom,Bunworth,tbunworthbi@cnn.com,Male,237.14.246.188
416,Towny,Lemonnier,tlemonnierbj@sohu.com,Bigender,3.114.84.110
417,Suzann,Goodliff,sgoodliffbk@123-reg.co.uk,Bigender,104.241.125.74
418,Dennie,Overnell,dovernellbl@tiny.cc,Male,238.220.51.194
419,Margalit,Aland,malandbm@infoseek.co.jp,Female,230.132.136.141
420,Paulita,Haselden,phaseldenbn@apple.com,Female,42.22.99.76
421,Zuzana,Danforth,zdanforthbo@tinypic.com,Polygender,55.249.58.144
422,Kearney,Davydychev,kdavydychevbp@squarespace.com,Male,111.228.87.164
423,Zared,Coupland,zcouplandbq@youku.com,Male,135.134.22.234
424,Bogey,Joblin,bjoblinbr@mlb.com,Polygender,72.65.190.202
425,Pyotr,Cicco,pciccobs@ucsd.edu,Genderfluid,30.90.190.182
426,Guinna,Karolovsky,gkarolovskybt@1688.com,Female,231.17.6.68
427,Wylma,Traylen,wtraylenbu@typepad.com,Female,238.196.142.29
428,Ilysa,Skene,iskenebv@amazon.co.uk,Female,27.248.70.42
429,Zackariah,La Vigne,zlavignebw@cdc.gov,Male,108.32.202.223
430,Debbi,Archard,darchardbx@storify.com,Female,223.180.176.52
431,Traver,Piddlesden,tpiddlesdenby@cdbaby.com,Male,4.204.143.13
432,Tania,Bangley,tbangleybz@businesswire.com,Agender,66.141.34.33
433,Ethe,McTurley,emcturleyc0@pbs.org,Bigender,46.144.44.247
434,Maria,Hourican,mhouricanc1@moonfruit.com,Female,158.17.38.51
435,Mischa,Lockless,mlocklessc2@youtu.be,Male,250.91.206.7
436,Rica,Normanell,rnormanellc3@technorati.com,Female,103.3.60.107
437,Theodoric,Lancley,tlancleyc4@sogou.com,Male,119.20.215.165
438,Euell,Rivallant,erivallantc5@chron.com,Male,245.103.7.130
439,Valli,Hoyer,vhoyerc6@si.edu,Non-binary,93.245.238.166
440,Olivette,Allin,oallinc7@cmu.edu,Female,249.89.6.19
441,Winny,Preddy,wpreddyc8@ibm.com,Female,200.130.13.119
442,Quentin,Bartholomieu,qbartholomieuc9@bluehost.com,Male,11.170.123.217
443,Robers,Berrane,rberraneca@abc.net.au,Male,239.119.44.66
444,Griffy,Strood,gstroodcb@oracle.com,Male,85.139.162.221
445,Lennie,Blazynski,lblazynskicc@wp.com,Male,209.210.244.98
446,Derby,Braidman,dbraidmancd@amazonaws.com,Bigender,119.59.219.133
447,Wendell,Redhills,wredhillsce@chronoengine.com,Male,185.7.180.1
448,Ibby,Pina,ipinacf@freewebs.com,Female,225.181.205.232
449,Bastien,Vanderson,bvandersoncg@cdbaby.com,Male,221.129.55.228
450,Shara,O'Regan,soreganch@vkontakte.ru,Female,201.143.142.149
451,Kelby,Rubinov,krubinovci@cnbc.com,Male,151.65.124.139
452,Bunni,Fardell,bfardellcj@wikimedia.org,Female,142.167.128.47
453,Neille,Starling,nstarlingck@soup.io,Female,91.67.228.8
454,Birgit,Buer,bbuercl@diigo.com,Female,59.83.88.162
455,Mathew,Beadles,mbeadlescm@abc.net.au,Male,229.30.102.117
456,Lief,Gonnet,lgonnetcn@fema.gov,Male,42.206.122.179
457,Roselia,Meaden,rmeadenco@newyorker.com,Female,54.132.125.228
458,Maryl,Bowbrick,mbowbrickcp@yahoo.com,Female,223.176.31.235
459,Garth,Tuxell,gtuxellcq@ft.com,Male,51.187.154.222
460,Harri,Hilary,hhilarycr@etsy.com,Non-binary,45.118.59.241
461,Annabela,Winkworth,awinkworthcs@jigsy.com,Genderqueer,213.220.83.204
462,Eva,Mattiello,emattielloct@columbia.edu,Female,71.188.60.5
463,Bank,Wivell,bwivellcu@parallels.com,Male,100.123.65.79
464,Wadsworth,Turbat,wturbatcv@topsy.com,Male,220.171.137.139
465,Elianore,Guerra,eguerracw@gnu.org,Female,106.209.174.113
466,Ferdinand,M'Chirrie,fmchirriecx@123-reg.co.uk,Male,131.84.83.122
467,Gayle,Cordell,gcordellcy@bandcamp.com,Male,247.134.125.9
468,Sophia,Tolland,stollandcz@fda.gov,Female,44.149.216.199
469,Burtie,Togwell,btogwelld0@nifty.com,Male,55.39.75.133
470,Mildrid,Houldcroft,mhouldcroftd1@psu.edu,Female,219.17.10.187
471,Lesya,Spicer,lspicerd2@hubpages.com,Female,25.75.193.219
472,Kelila,Grave,kgraved3@linkedin.com,Female,126.144.127.227
473,Austina,Learmouth,alearmouthd4@creativecommons.org,Female,1.12.25.229
474,Daron,Quillinane,dquillinaned5@msu.edu,Female,137.170.205.82
475,Amii,Leborgne,aleborgned6@apache.org,Female,185.150.222.153
476,Esteban,Sebley,esebleyd7@cbsnews.com,Male,169.205.62.45
477,Noble,Swift,nswiftd8@gizmodo.com,Male,193.25.111.8
478,Dierdre,O'Flaverty,doflavertyd9@chronoengine.com,Female,4.170.48.124
479,Hayes,Greatham,hgreathamda@infoseek.co.jp,Male,187.254.157.21
480,Rabi,Fortman,rfortmandb@foxnews.com,Male,166.254.212.65
481,Meggy,Mosedall,mmosedalldc@csmonitor.com,Female,34.242.214.10
482,Marion,Goncaves,mgoncavesdd@mayoclinic.com,Male,77.67.159.112
483,Karilynn,Dabney,kdabneyde@pbs.org,Female,81.61.86.240
484,Nels,Veasey,nveaseydf@scientificamerican.com,Male,182.57.158.208
485,Rosco,Bursnall,rbursnalldg@economist.com,Male,92.201.216.72
486,Mac,Poizer,mpoizerdh@discuz.net,Male,230.66.135.136
487,Stacey,Zeale,szealedi@cargocollective.com,Female,155.250.245.31
488,Thorn,Robertsson,trobertssondj@chronoengine.com,Male,2.164.151.244
489,Bili,Vaudre,bvaudredk@army.mil,Polygender,116.22.160.169
490,Helsa,Glasbey,hglasbeydl@youtu.be,Female,245.29.251.124
491,Hillery,Bowmaker,hbowmakerdm@creativecommons.org,Male,101.187.87.59
492,Germaine,Johns,gjohnsdn@indiatimes.com,Male,38.150.38.16
493,Birk,O'Logan,bologando@reddit.com,Male,151.196.211.186
494,Isa,Tollmache,itollmachedp@live.com,Male,17.4.7.33
495,Haze,Pinchon,hpinchondq@purevolume.com,Bigender,49.233.83.9
496,Rhett,Grichukhanov,rgrichukhanovdr@seattletimes.com,Male,79.184.135.35
497,Val,Titterrell,vtitterrellds@wordpress.org,Male,195.150.196.245
498,Irina,Bread,ibreaddt@hatena.ne.jp,Female,105.59.1.175
499,Vivie,Freake,vfreakedu@imgur.com,Female,246.35.4.155
500,Homer,Conkey,hconkeydv@gmpg.org,Male,196.13.47.216
501,Marsh,Caseborne,mcasebornedw@google.com.br,Male,9.85.51.192
502,Fredra,Hutton,fhuttondx@google.fr,Female,121.83.10.121
503,Vladamir,Fiddian,vfiddiandy@csmonitor.com,Male,227.95.183.92
504,Gianna,Beardwood,gbeardwooddz@dailymotion.com,Female,155.34.222.123
505,Libby,Asple,lasplee0@nationalgeographic.com,Female,240.73.132.25
506,Jervis,Dudbridge,jdudbridgee1@com.com,Genderqueer,8.97.116.196
507,Halie,Momford,hmomforde2@google.co.jp,Female,124.191.79.200
508,Leonidas,Deignan,ldeignane3@w3.org,Male,175.66.146.117
509,Heinrik,Di Iorio,hdiiorioe4@nationalgeographic.com,Male,219.187.252.46
510,Bobbe,Alsina,balsinae5@nih.gov,Female,142.68.78.109
511,Isobel,Noell,inoelle6@soundcloud.com,Female,15.144.7.211
512,Jory,Bresner,jbresnere7@mozilla.com,Male,219.35.192.136
513,Benito,Noller,bnollere8@indiegogo.com,Male,235.150.39.41
514,Anne-corinne,Ramsay,aramsaye9@over-blog.com,Female,236.118.84.222
515,Betta,Kunzelmann,bkunzelmannea@ehow.com,Female,100.119.43.3
516,Arly,Healy,ahealyeb@xrea.com,Agender,236.95.155.226
517,Adara,Meneux,ameneuxec@phpbb.com,Female,214.153.143.191
518,Scotti,Westrey,swestreyed@independent.co.uk,Male,27.9.99.227
519,Karole,Toovey,ktooveyee@wiley.com,Female,46.89.178.12
520,Ralina,Veld,rveldef@devhub.com,Female,142.133.20.15
521,Skylar,Benazet,sbenazeteg@free.fr,Male,36.90.152.39
522,Lucias,Terzza,lterzzaeh@skyrock.com,Male,157.47.18.28
523,Keefe,Corsar,kcorsarei@infoseek.co.jp,Male,241.47.31.117
524,Fanny,Sweeting,fsweetingej@shinystat.com,Polygender,179.4.102.80
525,Sumner,Gaiford,sgaifordek@trellian.com,Male,169.80.222.97
526,Torin,Weerdenburg,tweerdenburgel@cnn.com,Male,76.166.207.74
527,Flemming,Longthorn,flongthornem@topsy.com,Male,174.98.38.142
528,Lara,Gong,lgongen@disqus.com,Female,146.22.81.45
529,Tracee,Hans,thanseo@vimeo.com,Female,128.15.61.62
530,Hasty,Addekin,haddekinep@cam.ac.uk,Male,157.33.212.167
531,Livvy,Pegram,lpegrameq@scientificamerican.com,Female,167.222.33.237
532,Jimmy,Faireclough,jfaireclougher@instagram.com,Male,132.191.229.77
533,Farleigh,Moret,fmoretes@squarespace.com,Male,238.159.155.70
534,Carine,Lowder,clowderet@miitbeian.gov.cn,Female,255.31.50.192
535,Jermaine,Farlambe,jfarlambeeu@time.com,Female,63.55.95.67
536,Hoebart,Chesser,hchesserev@chron.com,Male,241.53.250.200
537,Nevile,Alishoner,nalishonerew@boston.com,Male,188.151.222.145
538,Alford,Trenbay,atrenbayex@163.com,Male,247.103.213.235
539,Stearne,Touzey,stouzeyey@fema.gov,Male,7.251.234.193
540,Cariotta,Iaduccelli,ciaduccelliez@shop-pro.jp,Female,156.178.17.212
541,Henderson,Strang,hstrangf0@independent.co.uk,Male,79.130.201.10
542,Irena,Mathiasen,imathiasenf1@home.pl,Female,147.20.102.83
543,Leda,McGrirl,lmcgrirlf2@hubpages.com,Female,71.189.2.44
544,Everard,Gisborne,egisbornef3@slate.com,Bigender,171.136.34.92
545,Dorie,Chateau,dchateauf4@mail.ru,Male,145.39.249.206
546,Georgianne,Inseal,ginsealf5@merriam-webster.com,Female,80.181.19.42
547,Gardner,Sextone,gsextonef6@ca.gov,Male,177.250.134.162
548,Thoma,Cockling,tcocklingf7@dagondesign.com,Male,226.222.55.122
549,Eldon,Bridgwater,ebridgwaterf8@biblegateway.com,Male,132.52.104.230
550,Inger,Pardon,ipardonf9@de.vu,Male,18.105.126.48
551,Judas,Malyan,jmalyanfa@chicagotribune.com,Male,9.172.113.105
552,Alejandro,Narracott,anarracottfb@vkontakte.ru,Male,217.242.232.84
553,Franz,Gardiner,fgardinerfc@ifeng.com,Male,130.137.59.200
554,Ravi,Wishkar,rwishkarfd@w3.org,Male,140.18.196.203
555,Henri,Danford,hdanfordfe@xrea.com,Male,206.55.90.251
556,Lonnie,Aristide,laristideff@si.edu,Male,33.218.243.28
557,Caryl,MacGowing,cmacgowingfg@chron.com,Male,214.142.118.9
558,Ninnetta,Musprat,nmuspratfh@businesswire.com,Female,132.2.130.146
559,Ximenes,Bateup,xbateupfi@hibu.com,Male,159.204.62.36
560,Cecil,De Carlo,cdecarlofj@gmpg.org,Male,238.252.194.203
561,Rouvin,McGlone,rmcglonefk@hud.gov,Male,2.31.39.226
562,Roddy,Klosterman,rklostermanfl@forbes.com,Male,45.176.158.134
563,Ashlee,Craighead,acraigheadfm@china.com.cn,Non-binary,98.55.219.43
564,Steve,Cattach,scattachfn@google.com,Male,129.183.86.90
565,Darrick,Ashby,dashbyfo@youku.com,Male,152.107.139.0
566,Alejandro,Woolmer,awoolmerfp@mysql.com,Male,178.151.52.225
567,Rakel,Basilone,rbasilonefq@blogspot.com,Female,124.220.216.180
568,Nancey,Smith,nsmithfr@biglobe.ne.jp,Female,189.103.98.187
569,Kassandra,Fearney,kfearneyfs@cdbaby.com,Female,95.156.175.151
570,Freddy,Arnoult,farnoultft@reverbnation.com,Female,76.119.16.80
571,Hildagard,Guidotti,hguidottifu@baidu.com,Genderqueer,88.50.43.195
572,Clayson,Doogue,cdooguefv@yahoo.com,Male,216.117.61.91
573,Ariadne,Durtnall,adurtnallfw@networkadvertising.org,Female,86.114.36.53
574,Leela,Treherne,ltrehernefx@mac.com,Female,1.199.75.44
575,Collette,Deniscke,cdenisckefy@blinklist.com,Female,199.60.88.113
576,Clare,Gudyer,cgudyerfz@nytimes.com,Male,236.157.237.254
577,Sarette,Scutter,sscutterg0@indiegogo.com,Female,187.185.154.83
578,Ilyssa,Evemy,ievemyg1@google.pl,Female,199.157.211.227
579,Kristoforo,Sheber,ksheberg2@nhs.uk,Male,112.10.56.205
580,Berthe,Denty,bdentyg3@myspace.com,Female,114.37.41.183
581,Darryl,Keller,dkellerg4@google.com,Female,24.45.147.188
582,Marne,Izakof,mizakofg5@google.co.uk,Female,249.81.201.30
583,Boycie,Reis,breisg6@sina.com.cn,Male,39.96.252.199
584,Jacquelin,Peffer,jpefferg7@usgs.gov,Female,162.59.78.192
585,Isak,MacCallum,imaccallumg8@harvard.edu,Male,142.59.207.102
586,Darrell,Accombe,daccombeg9@china.com.cn,Male,73.247.197.183
587,Kariotta,Korting,kkortingga@wiley.com,Female,116.66.161.99
588,Gina,Corkett,gcorkettgb@sitemeter.com,Female,72.52.155.80
589,Afton,Whatmough,awhatmoughgc@php.net,Female,10.64.16.53
590,Collin,Enocksson,cenockssongd@amazon.de,Male,20.128.203.19
591,Sadye,Stoyle,sstoylege@ebay.co.uk,Female,159.189.78.31
592,Rorie,McEvilly,rmcevillygf@webeden.co.uk,Female,8.32.47.137
593,Jermaine,Casetti,jcasettigg@cisco.com,Female,46.173.86.186
594,Luis,Teenan,lteenangh@accuweather.com,Male,186.172.69.123
595,Shirlee,Stroder,sstrodergi@pinterest.com,Female,129.168.135.247
596,Kelvin,Springell,kspringellgj@google.com.au,Male,50.165.144.118
597,Jordanna,Newart,jnewartgk@reverbnation.com,Female,118.171.143.57
598,Thayne,Wilbraham,twilbrahamgl@youtube.com,Non-binary,112.190.181.129
599,Caddric,Leeuwerink,cleeuwerinkgm@pcworld.com,Male,152.251.231.121
600,Berkly,McMonies,bmcmoniesgn@g.co,Male,27.3.255.225
601,Warren,Longden,wlongdengo@shareasale.com,Male,36.135.137.227
602,Augy,Dunphy,adunphygp@about.com,Male,218.154.229.171
603,Kip,Mellor,kmellorgq@springer.com,Male,105.234.55.61
604,Viviana,Schofield,vschofieldgr@umich.edu,Genderqueer,51.244.162.210
605,Vinnie,Edmonson,vedmonsongs@dailymotion.com,Female,241.28.69.93
606,Min,Layfield,mlayfieldgt@lulu.com,Female,135.157.80.93
607,Danica,Eaglesham,deagleshamgu@gravatar.com,Female,167.43.149.140
608,Ree,Billson,rbillsongv@a8.net,Female,137.102.117.227
609,Averill,Darell,adarellgw@ustream.tv,Male,182.242.153.1
610,Correna,Domeny,cdomenygx@elpais.com,Female,92.152.158.79
611,Berkeley,Voyce,bvoycegy@canalblog.com,Male,242.136.224.103
612,Jerrold,Linner,jlinnergz@uiuc.edu,Male,80.191.200.40
613,Miquela,Cotmore,mcotmoreh0@omniture.com,Female,155.167.129.137
614,Vivi,Bibbie,vbibbieh1@vistaprint.com,Female,145.230.160.177
615,Beck,Gallienne,bgallienneh2@soundcloud.com,Bigender,176.136.156.243
616,Harper,De Roberto,hderobertoh3@wikispaces.com,Male,33.172.9.109
617,Urbano,Cass,ucassh4@businessweek.com,Male,253.145.180.31
618,Malvin,Mackie,mmackieh5@4shared.com,Male,105.125.90.32
619,Berky,Bartosik,bbartosikh6@acquirethisname.com,Male,168.151.63.48
620,Kimble,Lezemere,klezemereh7@free.fr,Male,106.71.239.79
621,Chrotoem,Botha,cbothah8@gizmodo.com,Male,42.58.134.19
622,Kirsteni,Bache,kbacheh9@china.com.cn,Non-binary,140.150.60.250
623,Farlie,Lourenco,flourencoha@independent.co.uk,Male,208.212.4.51
624,Jessalin,Robiot,jrobiothb@bloglovin.com,Female,83.64.190.17
625,Gustave,Blackaller,gblackallerhc@huffingtonpost.com,Genderqueer,164.128.7.153
626,Marietta,Spraggon,mspraggonhd@mediafire.com,Male,194.103.117.225
627,Jard,Christensen,jchristensenhe@prnewswire.com,Male,47.125.37.94
628,Paul,Luis,pluishf@samsung.com,Male,95.9.219.94
629,Cross,Pleace,cpleacehg@hao123.com,Male,127.24.99.32
630,Lauri,Horrod,lhorrodhh@soup.io,Female,141.118.64.231
631,Kalila,Pescud,kpescudhi@upenn.edu,Female,19.127.180.173
632,Reece,Kingston,rkingstonhj@fc2.com,Male,48.160.48.89
633,Eric,Bretherton,ebrethertonhk@skype.com,Male,236.74.252.4
634,Augustine,Cantu,acantuhl@npr.org,Female,78.55.83.194
635,Uri,Syred,usyredhm@rakuten.co.jp,Male,223.199.60.32
636,Roxanne,Budge,rbudgehn@domainmarket.com,Female,53.122.170.18
637,Nicolas,Sibray,nsibrayho@blogspot.com,Male,30.233.19.55
638,Dewain,Pithcock,dpithcockhp@sohu.com,Male,10.102.120.20
639,Gaylord,Sennett,gsennetthq@gizmodo.com,Male,113.107.81.115
640,Bliss,Monkton,bmonktonhr@amazon.com,Female,128.215.106.120
641,Kathye,Tranckle,ktrancklehs@webmd.com,Female,191.40.188.48
642,Gradey,Sarch,gsarchht@businesswire.com,Male,160.68.78.10
643,Baillie,Giovani,bgiovanihu@digg.com,Male,168.239.127.82
644,Wilmette,Beadon,wbeadonhv@blogtalkradio.com,Female,175.247.202.26
645,Fanchon,Burnet,fburnethw@nature.com,Female,95.141.215.3
646,Jilly,Barzen,jbarzenhx@harvard.edu,Female,238.128.28.120
647,Peadar,Boshers,pboshershy@ow.ly,Male,55.127.38.239
648,Tucky,Lozano,tlozanohz@google.com.au,Male,201.138.96.146
649,Quinlan,Bau,qbaui0@gov.uk,Male,209.14.243.65
650,Daloris,Stickings,dstickingsi1@dagondesign.com,Female,177.48.204.117
651,Willis,Punch,wpunchi2@biglobe.ne.jp,Male,250.132.116.233
652,Martainn,Duell,mduelli3@whitehouse.gov,Male,100.115.17.171
653,Eli,Simenot,esimenoti4@etsy.com,Male,78.220.3.83
654,Minnaminnie,Gaenor,mgaenori5@indiatimes.com,Female,123.193.19.46
655,Dallis,Garioch,dgariochi6@ihg.com,Male,63.168.229.217
656,Seth,Archibould,sarchibouldi7@typepad.com,Male,170.102.132.180
657,Sarette,Muat,smuati8@upenn.edu,Agender,206.182.92.180
658,Celle,Bream,cbreami9@nyu.edu,Female,78.191.232.90
659,Julieta,Havill,jhavillia@netvibes.com,Female,14.180.34.107
660,Katharyn,Tofful,ktoffulib@booking.com,Female,202.167.189.229
661,Jehu,Dimitrov,jdimitrovic@xing.com,Male,55.130.119.175
662,Cristabel,Axcel,caxcelid@dyndns.org,Female,132.184.106.207
663,Esmeralda,Skynner,eskynnerie@economist.com,Agender,50.106.58.34
664,Rock,Spofford,rspoffordif@multiply.com,Male,135.128.123.151
665,Deeann,Seymark,dseymarkig@webs.com,Female,139.89.253.227
666,Herbert,Gommes,hgommesih@google.com.au,Male,156.213.232.157
667,Obed,Dericot,odericotii@typepad.com,Male,88.53.201.211
668,Bruis,Gerrett,bgerrettij@nytimes.com,Male,110.201.178.122
669,Nicholas,Upwood,nupwoodik@domainmarket.com,Male,106.13.248.219
670,Giraud,Jenckes,gjenckesil@mozilla.org,Male,96.88.123.106
671,Florenza,Moneti,fmonetiim@msu.edu,Female,145.29.124.2
672,Mallory,Borrel,mborrelin@canalblog.com,Male,84.173.124.56
673,Niko,Cristea,ncristeaio@alibaba.com,Male,184.106.22.152
674,Parry,Woodard,pwoodardip@cbsnews.com,Genderfluid,183.122.103.245
675,Cal,Gendricke,cgendrickeiq@youtu.be,Female,154.176.40.162
676,Ewen,Le Bosse,elebosseir@theatlantic.com,Male,219.104.92.61
677,Juan,Ottey,jotteyis@arstechnica.com,Male,132.39.220.151
678,Lorette,Cressar,lcressarit@themeforest.net,Female,207.92.24.133
679,Elisabetta,Erley,eerleyiu@friendfeed.com,Female,122.64.27.183
680,Rebeka,Lucas,rlucasiv@deliciousdays.com,Female,32.109.196.145
681,Armand,Ericsson,aericssoniw@wsj.com,Male,204.59.103.34
682,Juliane,Setterthwait,jsetterthwaitix@technorati.com,Female,20.7.14.48
683,Elnora,Whatley,ewhatleyiy@ning.com,Female,154.0.124.51
684,Rurik,Willman,rwillmaniz@cocolog-nifty.com,Male,63.179.194.19
685,Thedrick,Landeaux,tlandeauxj0@friendfeed.com,Male,233.185.38.152
686,Evy,Gent,egentj1@apple.com,Female,67.19.122.173
687,Veronique,Stiant,vstiantj2@independent.co.uk,Female,223.211.111.155
688,Andreas,Linsay,alinsayj3@comsenz.com,Agender,145.182.184.103
689,Celine,McQuirter,cmcquirterj4@miibeian.gov.cn,Female,42.100.163.106
690,Ingar,Cattrall,icattrallj5@fotki.com,Genderqueer,196.181.116.86
691,Arda,Wimbush,awimbushj6@google.es,Genderfluid,253.57.23.112
692,Rosemary,Bennison,rbennisonj7@yellowbook.com,Female,108.127.245.197
693,Lester,Treweek,ltreweekj8@jugem.jp,Male,155.167.34.129
694,Zack,Bourdis,zbourdisj9@weebly.com,Male,16.161.67.116
695,Nesta,Manske,nmanskeja@technorati.com,Female,41.252.6.250
696,Bobbette,Laughlin,blaughlinjb@amazon.de,Female,22.35.8.36
697,Davina,Mendonca,dmendoncajc@marriott.com,Female,128.165.252.199
698,Oberon,Humburton,ohumburtonjd@ocn.ne.jp,Male,100.145.251.227
699,Robin,MacCawley,rmaccawleyje@bloomberg.com,Male,204.146.247.235
700,Fernande,Sutterby,fsutterbyjf@cafepress.com,Female,97.117.71.52
701,Janie,Joseph,jjosephjg@flickr.com,Female,160.139.251.23
702,Rob,Tisor,rtisorjh@goodreads.com,Male,69.59.90.22
703,Irwin,Cordeiro,icordeiroji@slideshare.net,Male,253.156.33.220
704,Luelle,Kibbye,lkibbyejj@goo.ne.jp,Female,136.124.209.116
705,Miles,Sidebottom,msidebottomjk@go.com,Male,187.127.172.153
706,Palmer,Leighfield,pleighfieldjl@fc2.com,Male,1.168.157.26
707,Romain,Sharland,rsharlandjm@xinhuanet.com,Genderfluid,176.214.31.254
708,Erhart,Blanchet,eblanchetjn@mtv.com,Male,233.239.43.251
709,Thurstan,McIllrick,tmcillrickjo@bbc.co.uk,Male,120.208.228.158
710,Ravi,McIlwrick,rmcilwrickjp@uol.com.br,Male,3.255.248.223
711,Thurstan,Plum,tplumjq@wikimedia.org,Male,85.37.1.125
712,Fraze,Sussems,fsussemsjr@microsoft.com,Male,13.116.45.9
713,Rob,Belvin,rbelvinjs@state.tx.us,Male,87.15.160.15
714,Felix,Farmloe,ffarmloejt@creativecommons.org,Male,179.79.63.250
715,Licha,Donalson,ldonalsonju@acquirethisname.com,Female,184.70.236.225
716,Tani,Higgoe,thiggoejv@vkontakte.ru,Female,68.86.249.97
717,Walther,Truelove,wtruelovejw@t.co,Male,131.78.75.110
718,Allx,MacSharry,amacsharryjx@adobe.com,Female,108.234.200.182
719,Helaina,Wannop,hwannopjy@naver.com,Female,210.208.243.83
720,Sherm,Gillio,sgilliojz@mlb.com,Male,233.203.233.117
721,Jenn,Vautre,jvautrek0@amazon.de,Genderqueer,214.153.154.226
722,Arni,Follacaro,afollacarok1@vimeo.com,Male,104.253.141.111
723,Donnell,Biner,dbinerk2@goodreads.com,Male,137.241.14.94
724,Binny,Sjostrom,bsjostromk3@nifty.com,Female,88.239.224.6
725,Gaspard,Woolford,gwoolfordk4@yandex.ru,Male,9.12.137.69
726,Karel,Gallahar,kgallahark5@earthlink.net,Male,156.237.4.184
727,Viki,Sorton,vsortonk6@fastcompany.com,Genderqueer,200.212.143.194
728,Julissa,Deluca,jdelucak7@mozilla.org,Female,52.191.206.95
729,Roth,Alliott,ralliottk8@un.org,Male,221.196.57.228
730,Shep,Brightman,sbrightmank9@pagesperso-orange.fr,Male,37.78.55.7
731,Pebrook,Endley,pendleyka@domainmarket.com,Male,75.136.47.88
732,Moyna,Soan,msoankb@buzzfeed.com,Female,158.144.227.71
733,Karia,Thumann,kthumannkc@homestead.com,Female,196.237.192.140
734,Hermine,Benzing,hbenzingkd@sfgate.com,Female,159.48.242.228
735,Audrye,Lago,alagoke@simplemachines.org,Female,241.194.42.235
736,Riki,Gyngyll,rgyngyllkf@wordpress.com,Female,74.78.237.167
737,Kristal,Kennermann,kkennermannkg@discovery.com,Female,125.61.247.32
738,Ambrosio,Verlinde,averlindekh@virginia.edu,Male,77.184.40.224
739,Jakie,Cripps,jcrippski@weibo.com,Polygender,2.237.239.238
740,Justis,Allum,jallumkj@bluehost.com,Male,36.83.110.131
741,Tybi,Semiras,tsemiraskk@dropbox.com,Non-binary,203.78.110.80
742,Bowie,Hayball,bhayballkl@dailymail.co.uk,Genderqueer,148.133.129.244
743,Cris,Kimbling,ckimblingkm@squarespace.com,Male,46.158.119.246
744,Port,Duddan,pduddankn@unesco.org,Male,215.170.216.103
745,Dacie,Heathcott,dheathcottko@bigcartel.com,Female,103.239.97.100
746,Virginie,Beecham,vbeechamkp@domainmarket.com,Female,18.254.165.135
747,Dewain,Coupe,dcoupekq@go.com,Male,28.10.228.8
748,Joanne,Brisco,jbriscokr@netvibes.com,Female,220.215.64.4
749,Annadiane,Hammatt,ahammattks@google.pl,Female,19.41.18.204
750,Glen,Ellwood,gellwoodkt@bravesites.com,Male,177.137.63.240
751,Gabriell,De La Salle,gdelasalleku@tripadvisor.com,Female,97.79.74.84
752,Gilberto,Lammenga,glammengakv@cbc.ca,Male,167.186.239.179
753,Annetta,Arsmith,aarsmithkw@rakuten.co.jp,Female,53.142.241.89
754,Shani,Cheyenne,scheyennekx@issuu.com,Female,252.171.131.177
755,Kylen,Le Pine,klepineky@java.com,Agender,121.149.182.239
756,Joli,Burder,jburderkz@com.com,Female,105.250.214.10
757,Johannah,Passie,jpassiel0@webmd.com,Female,100.154.117.144
758,Kath,Bransden,kbransdenl1@blinklist.com,Female,235.171.182.85
759,Vivi,Olden,voldenl2@goo.gl,Female,109.124.51.133
760,Alina,Bickmore,abickmorel3@tamu.edu,Female,99.79.198.231
761,Lurlene,Pinkard,lpinkardl4@cisco.com,Bigender,84.229.112.96
762,Sheffie,Veljes,sveljesl5@constantcontact.com,Male,237.73.174.246
763,Dave,Bolgar,dbolgarl6@ox.ac.uk,Male,197.57.64.54
764,Giacobo,O'Dowling,godowlingl7@census.gov,Bigender,35.96.13.113
765,Francois,Halfhead,fhalfheadl8@cnn.com,Polygender,98.168.243.196
766,Lorenzo,Plante,lplantel9@microsoft.com,Male,73.70.89.166
767,Hale,Janczyk,hjanczykla@a8.net,Male,171.254.47.27
768,Ty,Birnie,tbirnielb@sun.com,Male,131.240.201.188
769,Sandi,Renne,srennelc@symantec.com,Female,19.206.62.161
770,Isidor,Lamacraft,ilamacraftld@edublogs.org,Male,8.132.125.239
771,Rutledge,Hare,rharele@reference.com,Male,197.24.111.68
772,Cristiano,Dulson,cdulsonlf@csmonitor.com,Male,3.208.133.180
773,Kania,Bern,kbernlg@springer.com,Female,0.83.113.82
774,Merrill,Gantzer,mgantzerlh@altervista.org,Genderqueer,179.197.229.200
775,Bernarr,Danhel,bdanhelli@bravesites.com,Male,146.68.236.78
776,Christa,Duckitt,cduckittlj@indiegogo.com,Female,33.36.3.145
777,Valry,Halifax,vhalifaxlk@google.nl,Genderqueer,13.46.233.196
778,Ado,Stoggell,astoggellll@hhs.gov,Male,10.215.230.189
779,Petronia,Leinster,pleinsterlm@bandcamp.com,Female,109.87.231.47
780,Curr,Twomey,ctwomeyln@icq.com,Male,87.191.229.126
781,Barny,Quinet,bquinetlo@shutterfly.com,Male,154.239.141.137
782,Sib,Orehead,soreheadlp@wufoo.com,Genderqueer,38.56.181.160
783,Shellysheldon,Heigho,sheigholq@npr.org,Male,4.150.211.158
784,Valentina,Nezey,vnezeylr@wikimedia.org,Female,206.49.142.154
785,Lorain,Vasyukhnov,lvasyukhnovls@over-blog.com,Female,228.223.224.200
786,Hally,Topling,htoplinglt@vk.com,Female,188.184.248.83
787,Hobie,Longmead,hlongmeadlu@hc360.com,Male,138.234.134.47
788,Melamie,Donizeau,mdonizeaulv@fema.gov,Female,208.216.39.68
789,Torin,Demaine,tdemainelw@feedburner.com,Male,254.200.116.33
790,Michal,Neeves,mneeveslx@amazonaws.com,Female,236.49.105.56
791,Huntlee,Dabnor,hdabnorly@abc.net.au,Male,66.202.20.187
792,Cairistiona,Pinilla,cpinillalz@icq.com,Female,87.230.166.150
793,Saundra,Blindt,sblindtm0@microsoft.com,Male,31.40.10.185
794,Benito,Allaway,ballawaym1@fda.gov,Male,217.112.146.208
795,Adorne,Bossel,abosselm2@nymag.com,Female,30.195.8.32
796,Albie,Midgely,amidgelym3@ucla.edu,Male,166.24.16.97
797,Waylen,Wilman,wwilmanm4@wikimedia.org,Male,121.222.96.209
798,Nikolia,Storah,nstorahm5@illinois.edu,Female,67.16.249.203
799,Roddy,Touret,rtouretm6@weebly.com,Male,32.222.33.27
800,Ode,Curnow,ocurnowm7@usnews.com,Genderfluid,246.21.68.185
801,Zara,Malpas,zmalpasm8@weibo.com,Polygender,52.248.70.228
802,Wood,Wherton,wwhertonm9@joomla.org,Male,144.98.137.239
803,Benoite,Degli Abbati,bdegliabbatima@buzzfeed.com,Female,62.149.75.217
804,Micheal,Dimmne,mdimmnemb@reference.com,Male,207.74.69.213
805,Celle,Baltrushaitis,cbaltrushaitismc@samsung.com,Female,135.89.67.255
806,Skippy,Crowhurst,scrowhurstmd@dot.gov,Male,236.182.154.215
807,Terra,Gallemore,tgallemoreme@icq.com,Female,47.164.199.243
808,Gilles,MacMechan,gmacmechanmf@google.ca,Male,131.249.86.117
809,Ammamaria,Motte,amottemg@a8.net,Bigender,14.145.207.152
810,Ernaline,McPherson,emcphersonmh@vkontakte.ru,Female,72.171.103.217
811,Anderea,Hyams,ahyamsmi@cdbaby.com,Female,146.85.3.171
812,Gnni,Kershow,gkershowmj@abc.net.au,Non-binary,126.150.132.197
813,Saunder,Riach,sriachmk@oaic.gov.au,Male,232.81.112.251
814,Josie,Clemas,jclemasml@shutterfly.com,Female,167.94.163.233
815,Grannie,Atkinson,gatkinsonmm@imdb.com,Male,13.161.65.158
816,Prue,McKennan,pmckennanmn@4shared.com,Genderfluid,99.137.188.221
817,Nikolai,Bowdon,nbowdonmo@prweb.com,Male,146.213.179.68
818,Padgett,Goldster,pgoldstermp@merriam-webster.com,Male,123.67.218.116
819,Bruis,Laffoley-Lane,blaffoleylanemq@typepad.com,Male,212.103.162.243
820,Shanon,Dymocke,sdymockemr@dell.com,Genderfluid,30.32.59.131
821,Micheal,Abramowitz,mabramowitzms@nsw.gov.au,Male,149.185.108.62
822,Maure,Dewicke,mdewickemt@latimes.com,Female,218.89.117.138
823,Arv,Castangia,acastangiamu@reddit.com,Male,251.144.235.85
824,Greggory,Tirone,gtironemv@webnode.com,Male,163.227.50.51
825,Bernie,Colten,bcoltenmw@creativecommons.org,Female,207.197.153.191
826,Dorette,Wainer,dwainermx@indiatimes.com,Female,93.135.229.249
827,Kirk,Giordano,kgiordanomy@fotki.com,Male,17.71.4.97
828,Vanessa,O'Cridigan,vocridiganmz@amazon.co.jp,Female,5.54.3.247
829,Ethan,Neylan,eneylann0@youku.com,Male,198.49.229.38
830,Jerrilyn,Delahunty,jdelahuntyn1@google.nl,Female,30.82.158.126
831,Genni,Jasiak,gjasiakn2@istockphoto.com,Female,28.73.169.248
832,Marlane,Arkwright,markwrightn3@weather.com,Female,129.126.78.106
833,Joanna,Gebhard,jgebhardn4@ow.ly,Female,118.148.11.235
834,Ricki,Mephan,rmephann5@reuters.com,Male,236.127.32.184
835,Jamil,Repp,jreppn6@cornell.edu,Male,89.114.133.64
836,Franklin,Fulford,ffulfordn7@bloglovin.com,Male,129.112.14.18
837,Gail,Lugsdin,glugsdinn8@ucoz.ru,Female,230.145.111.153
838,Piggy,Tunuy,ptunuyn9@liveinternet.ru,Male,11.34.117.213
839,Fredric,Dumphries,fdumphriesna@seesaa.net,Male,134.66.112.55
840,Holden,Chestle,hchestlenb@mit.edu,Male,27.194.97.134
841,Regan,Tracey,rtraceync@cam.ac.uk,Male,222.83.93.72
842,Westleigh,Boud,wboudnd@noaa.gov,Male,94.113.26.19
843,Edwin,Sturgis,esturgisne@360.cn,Male,67.250.50.34
844,Rutter,Litherborough,rlitherboroughnf@columbia.edu,Male,37.206.244.160
845,Rutger,Suarez,rsuarezng@php.net,Male,12.43.134.246
846,Wayne,Casari,wcasarinh@theatlantic.com,Male,35.134.206.148
847,Binky,Pitrelli,bpitrellini@wordpress.org,Male,123.71.175.234
848,Ricardo,De Witt,rdewittnj@mac.com,Male,83.51.70.50
849,Aurthur,Bonde,abondenk@sfgate.com,Male,181.247.130.121
850,Kaiser,Vassall,kvassallnl@shutterfly.com,Male,99.90.60.69
851,Val,Romain,vromainnm@nature.com,Male,64.193.125.37
852,Janene,Bogue,jboguenn@meetup.com,Female,240.135.123.10
853,Mommy,Bolus,mbolusno@wordpress.com,Female,69.194.250.137
854,Reginauld,Wearn,rwearnnp@umn.edu,Male,21.149.116.36
855,Nobe,Brockway,nbrockwaynq@desdev.cn,Bigender,237.229.216.204
856,Neil,Antognozzii,nantognozziinr@washingtonpost.com,Male,53.71.181.139
857,Ailis,Chillingworth,achillingworthns@livejournal.com,Female,203.85.35.157
858,Bertrando,Lafuente,blafuentent@posterous.com,Male,254.192.57.102
859,Bartram,Lucken,bluckennu@qq.com,Male,48.172.167.231
860,Silvie,Fryer,sfryernv@hhs.gov,Female,90.21.196.81
861,Virge,Rolley,vrolleynw@webeden.co.uk,Male,204.148.22.188
862,Gunther,Bartol,gbartolnx@ucoz.com,Male,177.125.223.184
863,Ram,Romushkin,rromushkinny@shop-pro.jp,Male,47.7.112.150
864,Margy,Kittiman,mkittimannz@nifty.com,Female,138.162.252.211
865,Ira,Lampke,ilampkeo0@sphinn.com,Female,122.107.90.227
866,Gwenni,Michurin,gmichurino1@vistaprint.com,Female,1.80.197.33
867,Roberta,Mayler,rmaylero2@nbcnews.com,Female,86.157.233.108
868,Karyn,Cawcutt,kcawcutto3@indiatimes.com,Female,30.6.239.159
869,Odette,World,oworldo4@technorati.com,Female,164.181.62.215
870,Gavin,Hriinchenko,ghriinchenkoo5@domainmarket.com,Male,77.74.61.85
871,Irwin,Pady,ipadyo6@europa.eu,Male,15.67.8.161
872,Rozamond,Bysshe,rbyssheo7@sciencedaily.com,Female,52.102.159.153
873,Brade,Sigmund,bsigmundo8@ft.com,Male,114.250.29.162
874,Joel,Fetherstone,jfetherstoneo9@livejournal.com,Male,147.185.204.242
875,Ignacio,Balsdon,ibalsdonoa@soundcloud.com,Male,74.143.253.157
876,Robenia,Newton,rnewtonob@yellowbook.com,Female,146.113.229.53
877,Ivar,Pinar,ipinaroc@trellian.com,Genderfluid,226.245.200.184
878,Elwyn,Ciubutaro,eciubutarood@godaddy.com,Male,122.44.99.4
879,Emory,Jeffery,ejefferyoe@tumblr.com,Male,36.157.51.173
880,Conny,Faircliffe,cfaircliffeof@netscape.com,Male,143.244.144.140
881,Dena,Matschuk,dmatschukog@de.vu,Female,255.170.189.53
882,Falito,Maystone,fmaystoneoh@blogger.com,Male,130.5.215.125
883,Julee,Toman,jtomanoi@topsy.com,Female,226.118.98.146
884,Mathe,Beinke,mbeinkeoj@blogspot.com,Male,250.16.15.81
885,Rebecca,Wale,rwaleok@hp.com,Female,171.93.233.31
886,Garnette,Meins,gmeinsol@clickbank.net,Female,234.113.85.190
887,Leela,Vakhrushev,lvakhrushevom@mozilla.com,Female,177.24.11.222
888,Sarajane,Wallworke,swallworkeon@phoca.cz,Female,30.69.91.46
889,Cody,Jex,cjexoo@xing.com,Male,25.91.157.61
890,Rees,Hamshaw,rhamshawop@examiner.com,Male,107.15.1.15
891,Sherrie,Dunsford,sdunsfordoq@eventbrite.com,Female,108.222.170.24
892,Misty,Sylvaine,msylvaineor@vistaprint.com,Female,36.139.141.69
893,Theodor,Woofinden,twoofindenos@goo.ne.jp,Male,56.2.3.114
894,Fransisco,Mulqueen,fmulqueenot@businesswire.com,Male,222.68.110.56
895,Michaela,Mattussevich,mmattussevichou@adobe.com,Female,128.148.156.226
896,Barnett,O'Scanlan,boscanlanov@weather.com,Non-binary,122.221.200.178
897,Klement,Gallardo,kgallardoow@hatena.ne.jp,Male,59.235.27.249
898,Niko,Blowfelde,nblowfeldeox@ucla.edu,Male,126.202.189.242
899,Denys,Marrion,dmarrionoy@howstuffworks.com,Female,35.189.230.180
900,Grange,Ullyatt,gullyattoz@ucsd.edu,Male,14.112.44.172
901,Netti,Eshelby,neshelbyp0@baidu.com,Female,205.140.146.83
902,Gleda,Fellgate,gfellgatep1@yale.edu,Genderfluid,36.245.86.88
903,Olva,Sustins,osustinsp2@jugem.jp,Female,43.182.22.155
904,Clarabelle,Torry,ctorryp3@free.fr,Female,17.28.110.108
905,Sherill,Seyfart,sseyfartp4@about.me,Female,48.72.8.53
906,Maire,Wabersich,mwabersichp5@google.com,Female,43.192.158.175
907,Toiboid,Gobell,tgobellp6@networkadvertising.org,Male,255.138.129.171
908,Dar,Yurchishin,dyurchishinp7@msu.edu,Male,144.208.189.78
909,Korry,Petriello,kpetriellop8@patch.com,Bigender,70.195.232.253
910,Manolo,Drewitt,mdrewittp9@blog.com,Male,218.143.73.245
911,Luise,Deinert,ldeinertpa@diigo.com,Female,197.61.195.125
912,Loree,Heinicke,lheinickepb@ning.com,Female,47.169.145.83
913,Diego,Stichall,dstichallpc@wunderground.com,Male,179.90.97.155
914,Marya,Longthorne,mlongthornepd@aol.com,Female,216.163.162.128
915,Milo,Brickell,mbrickellpe@army.mil,Male,241.117.138.22
916,Annice,Maxwaile,amaxwailepf@tiny.cc,Female,91.35.253.194
917,Amble,Burgwin,aburgwinpg@tripod.com,Male,180.179.235.234
918,Bogey,Lattka,blattkaph@cyberchimps.com,Male,58.133.92.237
919,Carolyne,Kynder,ckynderpi@aol.com,Bigender,212.142.224.228
920,Aeriell,Serridge,aserridgepj@wufoo.com,Female,154.5.166.64
921,Ogdan,Mucillo,omucillopk@baidu.com,Male,79.142.4.214
922,Hunfredo,Olexa,holexapl@umich.edu,Male,2.236.102.151
923,Padgett,Veness,pvenesspm@comcast.net,Male,61.30.77.75
924,Orelie,Stainburn,ostainburnpn@howstuffworks.com,Polygender,242.211.66.195
925,Sibyl,Grumell,sgrumellpo@skyrock.com,Male,0.163.91.152
926,Kamillah,Scherer,kschererpp@amazon.co.uk,Female,132.240.192.142
927,Elden,Gregore,egregorepq@zimbio.com,Agender,119.181.76.125
928,Winfield,Schlag,wschlagpr@cnet.com,Male,30.50.131.121
929,Pearline,Manklow,pmanklowps@networkadvertising.org,Female,106.120.200.207
930,Fannie,Bread,fbreadpt@nih.gov,Female,124.136.77.102
931,Kerk,Gumery,kgumerypu@xing.com,Male,123.85.169.34
932,Normand,Radbond,nradbondpv@tinypic.com,Male,30.107.26.127
933,Clayson,Hukin,chukinpw@wikipedia.org,Male,161.226.57.204
934,Ginger,Kernes,gkernespx@amazon.co.uk,Female,234.63.172.149
935,Sherwin,Batters,sbatterspy@toplist.cz,Male,89.64.25.81
936,Ginni,Pickervance,gpickervancepz@freewebs.com,Female,61.168.1.96
937,Clovis,Beebe,cbeebeq0@webeden.co.uk,Agender,185.123.133.104
938,Domenico,Wasielewski,dwasielewskiq1@google.co.uk,Male,246.34.182.185
939,Aleta,Gerssam,agerssamq2@mac.com,Female,7.110.46.242
940,Ancell,Denning,adenningq3@microsoft.com,Male,179.35.195.198
941,Howie,Benner,hbennerq4@360.cn,Male,145.19.253.11
942,Doro,Dignon,ddignonq5@51.la,Genderfluid,137.151.166.53
943,Sandy,Strong,sstrongq6@berkeley.edu,Female,15.136.188.1
944,Tomasina,Iacapucci,tiacapucciq7@domainmarket.com,Female,169.33.223.155
945,Rora,Ridoutt,rridouttq8@angelfire.com,Female,45.141.111.208
946,Dalston,Geeraert,dgeeraertq9@hugedomains.com,Male,172.84.147.10
947,Orella,McDunlevy,omcdunlevyqa@ted.com,Female,234.111.95.124
948,Leigha,Cornner,lcornnerqb@java.com,Female,95.4.100.171
949,Glenine,MacAdie,gmacadieqc@desdev.cn,Female,245.231.181.245
950,Thomasina,Capeloff,tcapeloffqd@hibu.com,Agender,240.54.157.5
951,Issie,Bromont,ibromontqe@github.io,Female,251.114.221.96
952,Glynda,Langstone,glangstoneqf@geocities.jp,Polygender,141.99.113.238
953,Sherwood,Sorbey,ssorbeyqg@sogou.com,Male,54.53.93.136
954,Catherina,Largen,clargenqh@homestead.com,Female,57.142.53.151
955,Jo,Mairs,jmairsqi@yellowbook.com,Male,111.0.241.243
956,Gal,Vineall,gvineallqj@spotify.com,Polygender,116.37.62.75
957,Susannah,Powter,spowterqk@sohu.com,Female,130.37.173.74
958,Lloyd,MacCambridge,lmaccambridgeql@opensource.org,Male,0.54.194.36
959,Deb,Colqueran,dcolqueranqm@washington.edu,Female,141.166.22.51
960,Inge,Elkin,ielkinqn@cargocollective.com,Female,232.29.78.10
961,Case,Yegoshin,cyegoshinqo@ow.ly,Male,85.236.247.217
962,Creighton,Feehely,cfeehelyqp@nba.com,Male,101.175.164.120
963,Vivianne,Flanner,vflannerqq@ucoz.ru,Female,216.210.160.91
964,Ruprecht,Thursby,rthursbyqr@yandex.ru,Male,196.29.121.142
965,Alley,Bloomfield,abloomfieldqs@bbc.co.uk,Male,101.208.138.41
966,Rae,Scritch,rscritchqt@auda.org.au,Female,63.103.125.225
967,Celina,Tranmer,ctranmerqu@fotki.com,Female,64.218.133.89
968,Gael,De Luna,gdelunaqv@blog.com,Male,175.198.153.135
969,Padriac,Streatfield,pstreatfieldqw@ocn.ne.jp,Male,53.34.173.242
970,Enos,Jakeman,ejakemanqx@netscape.com,Male,225.65.219.242
971,Abba,Fransemai,afransemaiqy@youtu.be,Male,77.121.44.186
972,Essie,Adshad,eadshadqz@desdev.cn,Female,251.115.159.194
973,Pat,Southby,psouthbyr0@google.com.br,Male,42.77.137.1
974,Rebekah,Bracco,rbraccor1@jalbum.net,Female,247.124.2.93
975,Mickie,Fulbrook,mfulbrookr2@jugem.jp,Female,127.216.247.125
976,Roze,Lanigan,rlaniganr3@columbia.edu,Female,236.241.128.80
977,Keen,Pentony,kpentonyr4@admin.ch,Male,27.95.6.155
978,Jayme,Molloy,jmolloyr5@typepad.com,Female,3.191.157.81
979,Tracee,Bewlie,tbewlier6@domainmarket.com,Female,112.144.98.40
980,Delly,Aleksandrov,daleksandrovr7@uiuc.edu,Genderfluid,190.248.144.250
981,Sammy,Elsop,selsopr8@cmu.edu,Female,167.150.101.45
982,Barton,Bowbrick,bbowbrickr9@soup.io,Male,115.197.106.119
983,Friederike,Humbie,fhumbiera@linkedin.com,Female,61.138.133.136
984,Homer,Rannigan,hranniganrb@gmpg.org,Male,203.58.236.56
985,Antony,Essex,aessexrc@addtoany.com,Male,117.96.83.143
986,Van,Narrie,vnarrierd@jigsy.com,Male,78.99.62.120
987,Barrie,McWhirter,bmcwhirterre@msu.edu,Male,47.84.226.207
988,Dill,Rough,droughrf@independent.co.uk,Male,230.193.71.120
989,Oralla,Harnott,oharnottrg@ihg.com,Female,77.2.149.78
990,Jeralee,Haskell,jhaskellrh@vkontakte.ru,Bigender,168.15.133.64
991,Gustavo,Lindelof,glindelofri@mysql.com,Male,110.67.123.5
992,Bevvy,Townson,btownsonrj@ifeng.com,Female,86.117.249.127
993,Danni,Allanby,dallanbyrk@google.cn,Female,243.31.42.156
994,Pearline,Scrogges,pscroggesrl@sciencedirect.com,Female,51.87.67.21
995,Geri,Kremer,gkremerrm@illinois.edu,Male,4.49.227.137
996,Melinde,Summerly,msummerlyrn@dmoz.org,Female,164.48.15.244
997,Odey,McFeate,omcfeatero@themeforest.net,Male,110.84.187.125
998,Roseanna,Tiuit,rtiuitrp@cyberchimps.com,Agender,88.49.213.250
999,Cyrus,Snead,csneadrq@ted.com,Male,199.201.85.54
1000,Jessi,Berrie,jberrierr@tripadvisor.com,Bigender,129.72.92.149
